movie_title,voice-actor,character,release_date,genre,MPAA_rating,revenue,director
101 Dalmatians: The Series,"['Kath Soucie', 'Tara Strong']","['Cadpig', 'Spot']",,,,,
A Goofy Movie,"['Tevin Campbell', 'Wallace Shawn', 'Pauly Shore', 'Kellie Martin']","['Powerline', 'Principal Mazur', 'Robert ""Bobby"" Zimmeruski', 'Roxanne']",7-Apr-95,Comedy,G,"$68,479,579 ",
Aladdin,"['Frank Welker', 'Scott Weinger; Brad Kane', 'Robin Williams', 'James Avery', 'Gilbert Gottfried', 'Jonathan Freeman', 'None', 'Charlie Adler', 'Jonathan Brandis', 'Linda Larkin; Lea Salonga', 'Frank Welker', 'Jim Cummings', 'Kellie Martin', 'Douglas Seale']","['Abu', 'Aladdin', 'Genie', 'Haroud Hazi Bin', 'Iago', 'Jafar', 'Magic Carpet', 'Mechanicles', 'Mozenrath', 'Princess Jasmine', 'Rajah', 'Razoul', 'Sadira', 'The Sultan']",11-Nov-92,Comedy,G,"$441,969,178 ",Ron Clements
Aladdin (TV series),"['Bebe Neuwirth', 'Frank Welker']","['Mirage', 'Xerxes']",,,,,
Aladdin and the King of Thieves,"['John Rhys-Davies', 'Jerry Orbach']","['Cassim', ""Sa'luk""]",,,,,
Aladdin in Nasira's Revenge,['Jodi Benson'],['Nasira'],,,,,
Alice Solves the Puzzle,['Billy Bletcher; Jim Cummings'],['Pete'],,,,,
Alice in Wonderland,"['Kathryn Beaumont', 'Heather Angel', 'Larry Grey', ""J. Pat O'Malley"", 'Richard Haydn', 'Sterling Holloway', 'None', 'Bill Thompson', 'Joseph Kearns', 'Jimmy MacDonald', 'Dink Trout', 'Ed Wynn', 'Jerry Colonna', 'Verna Felton', 'Doris Lloyd', ""J. Pat O'Malley"", ""J. Pat O'Malley"", 'Bill Thompson']","['Alice', ""Alice's Sister"", 'Bill the Lizard', 'The Carpenter', 'The Caterpillar', 'Cheshire Cat', 'Dinah the Cat', 'The Dodo', 'The Doorknob', 'The Dormouse', 'The King of Hearts', 'Mad Hatter', 'March Hare', 'The Queen of Hearts', 'The Rose', 'Tweedledum and Tweedledee', 'The Walrus', 'White Rabbit']",5-Mar-10,Adventure,PG,"$357,063,499 ",Clyde Geronimi
An Adventure in Color,['Paul Frees'],['Ludwig Von Drake'],,,,,
An Extremely Goofy Movie,"['Vicki Lewis', 'Jeff Bennett', 'Bebe Neuwirth', 'Brad Garrett']","['Beret Girl', 'Bradley Uppercrust III', 'Sylvia Marpole', 'Tank']",,,,,
Atlantis: The Lost Empire,"['Jacqueline Obradors', 'James Garner', 'Jim Varney', 'Phil Morris', 'David Ogden Stiers', 'Corey Burton', 'Claudia Christian', 'Leonard Nimoy', 'Michael J. Fox', 'John Mahoney', 'Cree Summer', 'Don Novello', 'Florence Stanley']","['Audrey Ramirez', 'Commander Lyle Rourke', 'Cookie', 'Dr. Joshua Sweet', 'Fenton Q. Harcourt', 'Gaetan ""Mole"" Moliére', 'Helga Sinclair', 'King Kashekim Nedakh', 'Milo Thatch', 'Preston B. Whitmore', 'Princess Kidagakash', 'Vincenzo ""Vinny"" Santorini', 'Wilhelmina Packard']",8-Jun-01,Adventure,PG,"$125,188,122 ",Gary Trousdale
Bambi,"['Donnie Dunagan', 'Hardie Albright', 'Alexander Gould', 'Paula Winslowe; Carolyn Hennesy', 'Cammie King; Ann Gillis', 'Stan Alexander; Sterling Holloway', 'Will Wright', 'Fred Shields', 'None', 'Mary Lansing', 'Thelma Boardman', 'Peter Behn; Sam Edwards', 'Margaret Lee']","['Bambi', 'Bambi', 'Bambi', ""Bambi's Mother"", 'Faline', 'Flower', 'Friend Owl', 'Great Prince of the Forest', 'Man the Hunter', 'Mrs. Possum', 'Mrs. Quail', 'Thumper', ""Thumper's Mother""]",,,,,David Hand
Bambi II,"['Brian Pimental', 'Cree Summer', 'Anthony Ghannam']","['The Groundhog', 'Mena', 'Ronno']",,,,,
Beauty and the Beast,"['Jo Anne Worley', 'Mary Kay Bergman', 'Alex Murphey', 'Robby Benson', ""Paige O'Hara"", 'Kath Soucie', 'Alvin Epstein', 'Brian Cummings', 'Bradley Michael Pierce', 'David Ogden Stiers', 'Kimmy Robertson', 'Richard White', 'Jesse Corti', 'Jerry Orbach', 'Rex Everhart', 'Tony Jay', 'Angela Lansbury', 'Hal Smith', 'Frank Welker']","['Armoire', 'Babette', 'Baker', 'Beast', 'Belle', 'Bimbette', 'Bookseller', 'Chef Bouche', 'Chip Potts', 'Cogsworth', 'Fifi the Featherduster', 'Gaston', 'Le Fou', 'Lumière', 'Maurice', ""Monsieur D'Arque"", 'Mrs. Potts', 'Philippe the Horse', 'Sultan the Footstool']",13-Nov-91,Musical,G,"$363,017,667 ",Gary Trousdale
Beauty and the Beast: The Enchanted Christmas,"['Bernadette Peters', 'Jeff Bennett', 'Kath Soucie', 'Paul Reubens', 'Tim Curry']","['Angelique', 'Axe', 'The Enchantress', 'Fife the Piccolo', 'Forte the Pipe Organ']",,,,,
Bedknobs and Broomsticks,"['Dal McKennon', 'Robert Holt', 'Lennie Weinrib', 'Lennie Weinrib']","['Bear', 'Codfish', 'King Leonidas', 'Secretary Bird']",7-Oct-71,Musical,,"$91,305,448 ",
Belle's Magical World,"['April Winchell', 'Jeff Bennett', 'Rob Paulsen', 'Jim Cummings', 'None']","['Chandeleria', 'Crane', 'Le Plufme', 'Webster', 'Witherspoon']",,,,,
Bone Trouble,['Frank Welker'],['Butch the Bulldog'],,,,,
Bonkers,"['Jim Cummings', 'Frank Welker', 'Karla DeVito', 'Frank Welker']","['Bonkers D. Bobcat', 'Fall-Apart Rabbit', 'Miranda Wright', 'Toots']",,,,,
Brother Bear,"['Jason Raize', 'Joaquin Phoenix', 'Jeremy Suarez', 'Rick Moranis; Dave Thomas', 'D. B. Sweeney', 'Joan Copeland', 'Michael Clarke Duncan']","['Denahi', 'Kenai', 'Koda', 'Rutt and Tuke', 'Sitka', 'Tanana', 'Tug']",24-Oct-03,Adventure,G,"$119,218,333 ",Robert Walker
Brother Bear 2,"['Andrea Martin', 'Jeff Bennett', 'Wendie Malick', 'Kathy Najimy', 'Tress MacNeille', 'Wanda Sykes', ""Catherine O'Hara"", 'Mandy Moore']","['Anda', 'Atka', 'Aunt Siqiniq', 'Aunt Taqqiq', 'Hoonah', 'Innoko', 'Kata', 'Nita']",,,,,
Chip 'n Dale Rescue Rangers,"['Jim Cummings', 'Tress MacNeille', 'Jim Cummings', 'Jim Cummings', 'Corey Burton']","['Fat Cat', 'Gadget Hackwrench', 'Monterey Jack', 'Professor Norton Nimnul', 'Zipper']",,,,,
Cinderella,"['Lucille Bliss', 'Jimmy MacDonald; Frank Welker', 'Ilene Woods', 'Don Barclay', 'Rhoda Williams; Russi Taylor', 'Verna Felton; Russi Taylor', 'Larry Grey', 'Luis Van Rooten; Rob Paulsen', 'Jimmy MacDonald; Corey Burton', 'Jimmy MacDonald; Rob Paulsen', 'Luis Van Rooten', 'Eleanor Audley; Susanne Blakeslee', 'June Foray', 'None', 'William Phipps']","['Anastasia Tremaine', 'Bruno the Dog', 'Cinderella', 'The Doorman', 'Drizella Tremaine', 'Fairy Godmother', 'Footman', 'The Grand Duke', 'Gus Lollygagger', 'Jackson ""Jaq"" Hopscotch', 'The King', 'Lady Tremaine', 'Lucifer the Cat', 'Major the Horse', 'Prince Charming']",13-Mar-15,Drama,PG,"$201,151,353 ",Wilfred Jackson
Cinderella,"['Lucille Bliss', 'Jimmy MacDonald; Frank Welker', 'Ilene Woods', 'Don Barclay', 'Rhoda Williams; Russi Taylor', 'Verna Felton; Russi Taylor', 'Larry Grey', 'Luis Van Rooten; Rob Paulsen', 'Jimmy MacDonald; Corey Burton', 'Jimmy MacDonald; Rob Paulsen', 'Luis Van Rooten', 'Eleanor Audley; Susanne Blakeslee', 'June Foray', 'None', 'William Phipps']","['Anastasia Tremaine', 'Bruno the Dog', 'Cinderella', 'The Doorman', 'Drizella Tremaine', 'Fairy Godmother', 'Footman', 'The Grand Duke', 'Gus Lollygagger', 'Jackson ""Jaq"" Hopscotch', 'The King', 'Lady Tremaine', 'Lucifer the Cat', 'Major the Horse', 'Prince Charming']",15-Feb-50,Drama,G,"$920,608,730 ",Wilfred Jackson
Cinderella II: Dreams Come True,"['Rob Paulsen', 'Frank Welker', 'Holland Taylor']","['Baker', 'Pom-Pom', 'Prudence']",,,,,
Darkwing Duck,"['Susan Tolsky', 'Peter Renaday', 'Tino Insana', 'Jim Cummings', 'Christine Cavanaugh', 'Jim Cummings', 'Katie Leigh', 'Danny Mann', 'Jack Angel', 'Dan Castellaneta', 'Kath Soucie', 'Jim Cummings', 'Michael Bell', 'Jennifer Darling', 'Rob Paulsen', 'Dana Hill', 'Tim Curry', 'Kenneth Mars', 'Ron Feinberg']","['Binkie Muddlefoot', 'Derek Blunt', 'Dr. Reginald Bushroot', 'Drake Mallard (Darkwing Duck)', 'Gosalyn Mallard', 'Herb Muddlefoot', 'Honker Muddlefoot', 'J. Gander Hooter', 'Liquidator !The Liquidator', 'Megavolt', 'Morgana McCawber', 'NegaDuck', 'Quackerjack', 'Rhoda Dendron', 'Steelbeak', 'Tank Muddlefoot', 'Taurus Bulba', 'Tuskernini', 'Vladimir Goudenov Grizzlikof']",,,,,
Dinosaur,"['D. B. Sweeney', 'Joan Plowright', 'Peter Siragusa', 'Della Reese', 'Samuel E. Wright', 'Julianna Margulies', 'Alfre Woodard', 'Hayden Panettiere', 'None', 'Ossie Davis', 'Max Casella']","['Aladar', 'Baylene', 'Bruton', 'Eema', 'Kron', 'Neera', 'Plio', 'Suri', 'Url', 'Yar', 'Zini']",19-May-00,Adventure,PG,"$215,438,985 ",Ralph Zondag
Disney Fairies,"['Rob Paulsen', 'Jeff Bennett', 'Jane Horrocks', 'America Ferrera', 'Raven-Symoné', 'Anjelica Huston', 'Kristin Chenoweth', 'Lucy Liu', 'Jesse McCartney', 'Pamela Adlon']","['Bobble', 'Clank', 'Fairy Mary', 'Fawn', 'Iridessa', 'Queen Clarion', 'Rosetta', 'Silvermist', 'Terence', 'Vidia']",,,,,
Donald Duck and the Gorilla,['None'],['Ajax the Gorilla'],,,,,
Donald's Cousin Gus,['Clarence Nash'],['Gus Goose'],,,,,
Donald's Nephews,"['Clarence Nash; Russi Taylor', 'Clarence Nash; Russi Taylor', 'Clarence Nash; Russi Taylor']","['Dewey', 'Huey', 'Louie']",,,,,
DuckTales,"['Terry McGovern', 'Danny Mann', 'None', 'Frank Welker', 'Peter Cullen', 'Joan Gerber', 'Frank Welker', 'None', 'Robert Ridgely', 'Chuck McCann', 'Brian Cummings', 'Chuck McCann', 'Richard Libertini', 'Brian Cummings', 'Chuck McCann', 'Jim Cummings', 'Hamilton Camp', 'Hal Smith', 'Rob Paulsen', 'Joan Gerber', 'Hal Smith', 'Terry McGovern', 'June Foray', 'June Foray', 'Frank Welker', 'Christopher Lloyd', 'June Foray', ""Frank Welker; John O'Hurley"", 'Terry McGovern; Frank Welker', 'Alan Young', 'Russi Taylor']","['Babyface Beagle', 'Backwoods Beagle', 'Bacon Beagle', 'Baggy Beagle', 'Bankjob Beagle', 'Bentina Beakley', 'Bigtime Beagle', 'Binky Beagle', 'Bomber Beagle', 'Bouncer Beagle', 'Bugle Beagle', 'Burger Beagle', 'Dijon the Thief', 'Doofus Drake', 'Duckworth', 'El Capitan', 'Fenton Crackshell (Gizmoduck)', 'Flintheart Glomgold', 'Gladstone Gander', 'Glittering Goldie', 'Gyro Gearloose', 'Launchpad McQuack', 'Ma Beagle', 'Magica De Spell', 'Megabyte Beagle', 'Merlock the Magician', 'Mrs. Featherby', 'The Phantom Blot', 'Poe De Spell', 'Scrooge McDuck', 'Webby Vanderquack']",,,,,
Dumbo,"['Margaret Wright', 'Noreen Gammill', 'None', 'None', 'Dorothy Scott', 'Cliff Edwards', 'Sterling Holloway', 'Verna Felton', 'Sarah Selby', 'Herman Bing', 'Edward Brophy']","['Casey Junior', 'Catty the Elephant', 'Circus Animals', 'Dumbo', 'Giddy the Elephant', 'Jim Crow', 'Mr. Stork', 'Mrs. Jumbo', 'Prissy the Elephant', 'The Ringmaster', 'Timothy Q. Mouse']",,,,,Ben Sharpsteen
Enchanted,"['Amy Adams', 'Idina Menzel', 'Timothy Spall', 'Jeff Bennett; Kevin Lima', 'James Marsden', 'Susan Sarandon']","['Giselle', 'Nancy Tremaine', 'Nathaniel', 'Pip', 'Prince Edward', 'Queen Narissa']",21-Nov-07,Romantic Comedy,PG,"$156,074,310 ",
Fantasia,"['Jim Cummings', 'Corey Burton', 'Tress MacNeille', 'Tress MacNeille', 'None', 'Corey Burton']","['Ben Ali Gator', 'Chernabog', 'Hyacinth Hippo', 'Madame Upanova', 'Melinda', 'Yen Sid']",13-Nov-40,Musical,G,"$2,187,090,808 ",full credits
Fantasia 2000,"['None', 'None', 'Hugo Weaving', 'John Lithgow', 'None', 'None', 'Helena Bonham Carter', 'None']","['Ballerina', 'Duke', 'Firebird !The Firebird', 'Jack-in-the-Box', 'Jobless Joe', 'Rachel', 'Spring Sprite', 'Yo-Yo']",,,,,full credits
Frozen,"['Kristen Bell', 'Alan Tudyk', 'Idina Menzel', 'Jonathan Groff', 'Chris Williams', 'Josh Gad', 'Santino Fontana', 'None']","['Anna', 'Duke of Weselton', 'Elsa', 'Kristoff', 'Oaken', 'Olaf', 'Prince Hans', 'Sven']",22-Nov-13,Adventure,PG,"$414,997,174 ",Chris Buck
Fun and Fancy Free,['Billy Gilbert'],['Willie the Giant'],,,,,Jack Kinney
Goof Troop,"['Frank Welker', 'Dana Hill; Jason Marsden', 'April Winchell', 'Rob Paulsen', 'Nancy Cartwright', 'Frank Welker']","['Chainsaw', 'Max Goof', 'Peg Pete', 'Pete Junior', 'Pistol Pete', 'Waffles']",,,,,
Grin and Bear It,['Bill Thompson'],['J. Audubon Woodlore'],,,,,
Hercules,"['Barbara Barrie', 'Hal Holbrook', 'Keith David', 'Paddi Edwards', 'Lillias White', 'Vanéese Y. Thomas', 'Amanda Plummer', 'Wayne Knight', 'James Woods', 'Samantha Eggar', 'Tate Donovan; Joshua Keaton', 'Paul Shaffer', 'Carole Shelley', 'Susan Egan', 'Cheryl Freeman', 'Jim Cummings', 'Bobcat Goldthwait; Matt Frewer', 'Frank Welker', 'Danny DeVito', 'LaChanze', 'Roz Ryan', 'Rip Torn']","['Alcmene', 'Amphitryon', 'Apollo', 'Atropos', 'Calliope', 'Clio', 'Clotho', 'Demetrius', 'Hades', 'Hera', 'Hercules', 'Hermes', 'Lachesis', 'Megara', 'Melpomene', 'Nessus', 'Pain and Panic', 'Pegasus', 'Philoctetes', 'Terpsichore', 'Thalia', 'Zeus']",13-Jun-97,Adventure,G,"$182,029,412 ",Ron Clements
Higglytown Heroes,['Edie McClurg'],['Fran'],,,,,
Hold That Pose,['Jimmy MacDonald; Jim Cummings'],['Humphrey the Bear'],,,,,
Home on the Range,"['Randy Quaid', 'Estelle Harris', 'Cuba Gooding Jr.', 'Jennifer Tilly', 'Joe Flaherty', 'Lance LeGault', 'Marshall Efron', 'Charles Haid', 'Roseanne Barr', 'Judi Dench', 'Charlie Dell', 'Carole Cook', 'Charles Dennis', 'G.W. Bailey', 'Richard Riehle', 'Steve Buscemi']","['Alameda Slim', 'Audrey the Chicken', 'Buck', 'Grace', 'Jeb the Goat', 'Junior the Buffalo', 'Larry the Duck', 'Lucky Jack', 'Maggie', 'Mrs. Calloway', 'Ollie the Pig', 'Pearl Gesner', 'Rico', 'Rusty the Dog', 'Sam the Sheriff', 'Wesley']",2-Apr-04,Comedy,PG,"$67,910,166 ",Will Finn
House of Mouse,"['None', 'None', 'None', 'Rod Roddy']","['April', 'June', 'May', 'Mike the Microphone']",,,,,
Journey into Imagination with Figment,['Dave Goelz'],['Figment'],,,,,
Jungle Cubs,"['David Lander', 'Michael McKean', 'Tress MacNeille', 'Charlie Adler']","['Arthur', 'Cecil the Vulture', 'Mahra the Baboon', 'Ned the Baboon']",,,,,
Lady and the Tramp,"['Thurl Ravenscroft', 'Verna Felton', 'Stan Freberg', 'Peggy Lee', 'Lee Millar', 'Bill Thompson', 'Barbara Luddy', 'Peggy Lee', 'Peggy Lee', 'Larry Roberts', 'Bill Baucom']","['Al the Alligator', 'Aunt Sarah', 'Beaver', 'Darling', 'Jim Dear', 'Jock', 'Lady', 'Peg', 'Si & Am', 'Tramp', 'Trusty']",22-Jun-55,Drama,G,"$1,236,035,515 ",Hamilton Luske
Lady and the Tramp II: Scamp's Adventure,"['Alyssa Milano', 'Debi Derryberry', 'Chazz Palminteri', 'Kath Soucie', 'Kath Soucie', 'Jeff Bennett', 'Bronson Pinchot', 'Bill Fagerbakke', 'Cathy Moriarty', 'Scott Wolf', 'None', 'Mickey Rooney']","['Angel', 'Annette', 'Buster', 'Colette', 'Danielle', 'The Dog Catcher', 'Francois', 'Mooch', 'Ruby', 'Scamp', 'Scratchy', 'Sparky']",,,,,
Lilo & Stitch,"['Kevin McDonald', 'Ving Rhames', 'Jason Scott Lee', 'David Ogden Stiers', 'Kevin Michael Richardson', 'Zoe Caldwell', 'Daveigh Chase', 'Amy Hill', 'Miranda Paige Walls; Liliana Mumy', 'Tia Carrere', 'Chris Sanders']","['Agent Wendy Pleakley', 'Cobra Bubbles', 'David Kawena', 'Dr. Jumba Jookiba', 'Captain Gantu', 'Grand Councilwoman', 'Lilo Pelekai', 'Mrs. Hasagawa', 'Myrtle Edmonds', 'Nani Pelekai', 'Stitch']",21-Jun-02,Adventure,PG,"$211,506,702 ",Chris Sanders
Make Mine Music,['None'],['Alice Bluebonnet'],,,,,Jack Kinney
Meet the Robinsons,"['Stephen J. Anderson', 'Harland Williams', 'Tom Selleck', 'Ethan Sandler', 'Aurian Redson', 'Nicole Sullivan', 'Matthew Josten', 'Nathan Greno', 'Jordan Fry', 'Tracey Miller-Zarneke', 'Laurie Metcalf', 'Angela Bassett', 'Tom Kenny', 'Joe Mateo', 'Adam West', 'Wesley Singerman']","['Bowler Hat Guy', 'Carl the Robot', 'Cornelius Robinson', 'Doris', 'Frankie the Frog', 'Franny Robinson', 'Goob', 'Lefty', 'Lewis', 'Lizzy', 'Lucille Krunklehorn', 'Mildred', 'Mr. Willerstein', 'Tiny', 'Uncle Art', 'Wilbur Robinson']",30-Mar-07,Adventure,G,"$119,860,589 ",Stephen J. Anderson
Melody Time,"['Dennis Day', 'None']","['Johnny Appleseed', 'Little Toot']",,,,,Clyde Geronimi
Mickey Mouse Clubhouse,"['Tress MacNeille', 'Frank Welker', 'Jeff Pidgeon']","['Baby Red Bird', 'Bella', 'Mr. Pettibone']",,,,,
Mickey's Revue,['Pinto Colvig; Bill Farmer'],['Goofy'],,,,,
Mickey's Rival,['Maurice LaMarche'],['Mortimer Mouse'],,,,,
Mickey's Steam Roller,"['None', 'None']","['Ferdie Fieldmouse', 'Morty Fieldmouse']",,,,,
Mr. Duck Steps Out,['Clarence Nash; Gloria Blondell'],['Daisy Duck'],,,,,
Mulan,"['James Hong', 'Jerry Tondo', 'None', 'Pat Morita', 'Freda Foh Shen', 'Soon-Tek Oh', 'George Takei', 'James Shigeta', 'June Foray', 'B.D. Wong', 'Gedde Watanabe', 'Miriam Margoyles', 'Ming-Na Wen; Lea Salonga', 'Eddie Murphy', 'Miguel Ferrer', 'Harvey Fierstein']","['Chi-Fu', 'Chien-Po', 'Cri-Kee', 'Emperor of China', 'Fa Li', 'Fa Zhou', 'First Ancestor Fa', 'General Li', 'Grandmother Fa', 'Li Shang', 'Ling', 'The Matchmaker', 'Mulan', 'Mushu', 'Shan Yu', 'Yao']",19-Jun-98,Adventure,G,"$216,807,832 ",Barry Cook
Mulan 2,['Mary Gibbs'],['Sha-ron'],,,,,
My Friends Tigger & Pooh,['Chloë Grace Moretz'],['Darby'],,,,,
One Hundred and One Dalmatians,"['Thurl Ravenscroft', 'Marjorie Bennett', 'Mimi Gibson', 'Martha Wentworth', 'Mickey Maga', 'Sandra Abbott', 'Queenie Leonard', 'Barbara Beaird']","['The Captain', 'Duchess', 'Lucky', 'Nanny', 'Patch', 'Penny', 'Princess', 'Rolly']",,,,,
Orphan's Benefit,['Florence Gill'],['Clara Cluck'],,,,,
Pepper Ann,['Kathleen Wilhoite'],['Pepper Ann Pearson'],,,,,
Pete's Dragon,['Charlie Callas'],['Elliott'],,,,,
Peter Pan,"['Hans Conried', 'None', 'Robert Ellis', 'Hans Conried', 'Candy Candido', 'Paul Collins', 'Heather Angel', 'Tommy Luske', 'Bill Thompson', 'None', 'Jeffrey Silver', 'Bobby Driscoll', 'Stuffy Singer', 'Cree Summer', 'Mae Whitman', 'None', 'Kathryn Beaumont']","['Captain Hook', 'The Crocodile (Tick Tock)', 'Cubby', 'George Darling', 'The Indian Chief', 'John Darling', 'Mary Darling', 'Michael Darling', 'Mr. Smee', 'Nana', 'Nibs', 'Peter Pan', 'Slightly', 'Tiger Lily', 'Tinker Bell', 'Tootles', 'Wendy Darling']",,,,,Hamilton Luske
Plane Crazy,"['Marcellite Garner', 'Walt Disney; Marcellite Garner']","['Clarabelle Cow', 'Minnie Mouse']",,,,,
Pooh's Heffalump Movie,['Kyle Stanger'],['Lumpy the Heffalump'],11-Feb-05,Adventure,G,"$23,801,835 ",
Private Pluto,"['James MacDonald', 'Dessie Flynn; Corey Burton']","['Chip', 'Dale']",,,,,
Return to Never Land,"['Andrew McDonough', 'Roger Rees', 'Harriet Owen', 'Frank Welker']","['Danny', 'Edward', 'Jane', 'The Octopus']",,,,,
Robin Hood,"['Roger Miller', 'Andy Devine', 'Peter Ustinov', 'Carole Shelley', 'Phil Harris', 'Monica Evans', 'Barbara Luddy', 'Ken Curtis', ""J. Pat O'Malley"", 'Peter Ustinov', 'Brian Bedford', 'Pat Buttram', 'Terry-Thomas', 'Dana Laurita', 'Billy Whittaker', 'Dori Whittaker', 'Richie Sanders', 'George Lindsey']","['Alan-a-Dale', 'Friar Tuck', 'King Richard', 'Lady Kluck', 'Little John', 'Maid Marian', 'Mother Rabbit', 'Nutsy the Vulture', 'Otto', 'Prince John', 'Robin Hood', 'Sheriff of Nottingham', 'Sir Hiss', 'Sis Bunny', 'Skippy Bunny', 'Tagalong Bunny', 'Toby Turtle', 'Trigger the Vulture']",,,,,Wolfgang Reitherman
Saludos Amigos,['José Oliveira; Rob Paulsen'],['José Carioca'],,,,,Jack Kinney
Secret of the Wings,"['Grey Delisle', 'Lucy Hale']","['Gliss', 'Periwinkle']",,,,,
Sheep Dog,['Unknown'],['Bent-Tail Junior'],,,,,
Silly Symphonies,"['None', 'None', 'Milt Kahl', 'Martha Wentworth', 'Pinto Colvig', 'None', 'Alyce Ardell']","['Bucky Bug', 'Elmer Elephant', 'Ferdinand the Bull', 'Jenny Wren', 'Joe Giraffe', 'Joey Hippo', 'Tillie Tiger']",,,,,
Snow White and the Seven Dwarfs,"['Scotty Mattraw', 'Roy Atwell', 'Eddie Collins', 'Pinto Colvig', 'Otis Harlan', 'Stuart Buchanan', 'Moroni Olsen', 'Harry Stockwell', 'Lucille La Verne', 'Pinto Colvig', 'Billy Gilbert', 'Adriana Caselotti']","['Bashful', 'Doc', 'Dopey', 'Grumpy', 'Happy', 'Humbert the Huntsman', 'The Magic Mirror', 'Prince', 'Queen Grimhilde', 'Sleepy', 'Sneezy', 'Snow White']",21-Dec-37,Musical,G,"$5,228,953,251 ",David Hand
Sofia the First,"['Tim Gunn', 'Jess Harnell', 'Wayne Brady', 'Travis Willingham', 'Megan Mullally', 'Zach Callison', 'Darcy Rose Byrnes', 'Sara Ramirez', 'Ariel Winter', 'Jim Cummings']","['Baileywick', 'Cedric the Sorcerer', 'Clover', 'King Roland II', 'Miss Nettle', 'Prince James', 'Princess Amber', 'Queen Miranda', 'Princess Sofia', 'Wormwood the Raven']",,,,,
Song of the South,"['Nick Stewart', 'James Baskett', 'Johnny Lee']","[""Br'er Bear"", ""Br'er Fox"", ""Br'er Rabbit""]",12-Nov-46,Adventure,G,"$1,078,510,579 ",
Steamboat Willie,['Walt Disney'],['Mickey Mouse'],,,,,
Stitch! The Movie,['Jeff Bennett'],['Dr. Jacques von Hamsterviel'],,,,,
TaleSpin,"['Jim Cummings', 'R. J. Williams; Alan Roberts']","['Don Karnage', 'Kit Cloudkicker']",,,,,
Tangled,"['Zachary Levi', 'Brad Garrett', 'None', 'Donna Murphy', 'Frank Welker', 'Mandy Moore', 'Ron Perlman']","['Flynn Rider', 'Hook Hand', 'Maximus', 'Mother Gothel', 'Pascal', 'Rapunzel', 'Stabbington Brothers']",24-Nov-10,Adventure,PG,"$214,388,548 ",Nathan Greno
Tangled Ever After,['Kari Wahlgren'],['Queen'],,,,,
Tarzan,"['Nigel Hawthorne', 'Brian Blessed', 'Minnie Driver', 'Glenn Close', 'Lance Henriksen', 'Jason Marsden', 'Wayne Knight', 'Tony Goldwyn', 'Alex D. Linz', ""Rosie O'Donnell""]","['Archimedes Q. Porter', 'Clayton', 'Jane Porter', 'Kala', 'Kerchak', 'Mungo', 'Tantor', 'Tarzan', 'Tarzan', 'Terk']",16-Jun-99,Adventure,G,"$283,900,254 ",Chris Buck
The Adventures of Ichabod and Mr. Toad,"['Campbell Grant', ""J. Pat O'Malley"", 'None', 'Pinto Colvig', 'Eric Blore', 'None', 'Colin Campbell', 'Claud Allister', 'Oliver Wallace']","['Angus MacBadger', 'Cyril Proudbottom', 'Headless Horseman', 'Ichabod Crane', 'J. Thaddeus Toad', 'Katrina Van Tassel', 'Moley', 'Ratty', 'Winkie the Barman']",,,,,Jack Kinney
The Aristocats,"['Monica Evans', 'Carole Shelley', 'Dean Clark', 'Thurl Ravenscroft', 'Eva Gabor', 'Roddy Maude-Roxby', 'Nancy Kulp', 'Charles Lane', 'Lord Tim Hudson', 'George Lindsey', 'Hermione Baddeley', 'Liz English', 'Pat Buttram', 'Vito Scotti', 'Sterling Holloway', 'Scatman Crothers', 'Paul Winchell', 'Phil Harris', 'Gary Dubin', 'Bill Thompson']","['Abigail Gabble', 'Amelia Gabble', 'Berlioz', 'Billy Boss', 'Duchess', 'Edgar Balthazar the Butler', 'Frou-Frou', 'Georges Hautecourt', 'Hit Cat the English Cat', 'Lafayette the Basset Hound', 'Madame Adelaide Bonfamille', 'Marie', 'Napoleon the Bloodhound', 'Peppo the Italian Cat', 'Roquefort the Mouse', 'Scat Cat', 'Shun Gon the Chinese Cat', ""Thomas O'Malley"", 'Toulouse', 'Uncle Waldo']",24-Apr-70,Musical,G,"$255,161,499 ",Wolfgang Reitherman
The Black Cauldron,"['Phil Fondacaro', 'Freddie Jones', 'John Byner', 'Nigel Hawthorne', 'John Byner', 'None', 'John Hurt', 'Arthur Malet', 'Eda Reiss Merin', 'Billie Hayes', 'Adele Malis-Morey', 'Susan Sheridan', 'Grant Bardsley']","['Creeper', 'Dallben', 'Doli', 'Fflewddur Fflam', 'Gurgi', 'Hen Wen', 'The Horned King', 'King Eiddileg', 'Orddu', 'Orgoch', 'Orwen', 'Princess Eilonwy', 'Taran']",24-Jul-85,Adventure,,"$50,553,142 ",Ted Berman
The Chain Gang,['Pinto Colvig; Bill Farmer'],['Pluto'],,,,,
The Country Bears,"['Haley Joel Osment', 'James Gammon', 'Justin Berfield', 'Diedrich Bader']","['Beary Barrington', 'Big Al', 'Dex Barrington', 'Ted Betterhead']",26-Jul-02,Adventure,G,"$24,650,121 ",
The Emperor's New Groove,"['Bob Bergen', 'Kellyann Kelso', 'Wendie Malick', 'Patrick Warburton', 'David Spade', 'John Goodman', 'Eli Russell Linnetz', 'Eartha Kitt']","['Bucky the Squirrel', 'Chaca', 'Chicha', 'Kronk Pepikrankenitz', 'Kuzco', 'Pacha', 'Tipo', 'Yzma']",15-Dec-00,Adventure,G,"$136,789,252 ",Mark Dindal
The Emperor's New School,['Jessica Di Cicco'],['Malina'],,,,,
The Fox and the Hound,"['Jack Albertson', 'Pearl Bailey', 'Paul Winchell', 'Pat Buttram', 'Corey Feldman; Kurt Russell', 'Richard Bakalyan', 'None', 'Keith Coogan; Mickey Rooney', 'Sandy Duncan', 'Jeanette Nolan']","['Amos Slade', 'Big Mama', 'Boomer', 'Chief', 'Copper', 'Dinky', 'Squeaks the Caterpillar', 'Tod', 'Vixey', 'Widow Tweed']",10-Jul-81,Comedy,,"$133,118,889 ",Art Stevens
The Fox and the Hound 2,"['Patrick Swayze', 'Reba McEntire', 'Vicki Lawrence', 'Jeff Foxworthy']","['Cash', 'Dixie', 'Granny Rose', 'Lyle']",,,,,
The Great Mouse Detective,"['Barrie Ingham', 'Barrie Ingham', 'Val Bettin', 'Frank Welker', 'Candy Candido', 'Alan Young; Alan Young', 'Shani Wallis', 'Melissa Manchester', 'Diana Chesney', 'Susanne Pollatschek', 'Vincent Price', 'Eve Brenner', 'Frank Welker']","['Bartholomew', 'Basil of Baker Street', 'Dr. David Q. Dawson', 'Felicia the Cat', 'Fidget', 'Hiram Flaversham', 'Lady Mouse', 'Miss Kitty', 'Mrs. Judson', 'Olivia Flaversham', 'Professor Ratigan', 'Queen Mousetoria', 'Toby the Dog']",2-Jul-86,Adventure,,"$53,637,367 ",Ron Clements
The Hunchback of Notre Dame,"['None', 'David Ogden Stiers', 'Kevin Kline', 'Paul Kandel', 'None', 'Demi Moore', 'Jason Alexander', 'Tony Jay', 'Mary Wickes', 'Tom Hulce', 'Charles Kimbrough']","['Achilles', 'The Archdeacon', 'Captain Phoebus', 'Clopin Trouillefou', 'Djali', 'Esmeralda', 'Hugo', 'Judge Claude Frollo', 'Laverne', 'Quasimodo', 'Victor']",21-Jun-96,Adventure,G,"$190,988,799 ",Gary Trousdale
The Hunchback of Notre Dame II,"['April Winchell', 'Jennifer Love Hewitt', 'Michael McKean', 'Haley Joel Osment']","['Lady DeBurne', 'Madellaine', 'Sarousch', 'Zephyr']",,,,,
The Legend of Coyote Rock,['Unknown'],['Bent-Tail the Coyote'],,,,,
The Lion King 1½,"['Julie Kavner', 'Jerry Stiller']","[""Timon's Mother"", 'Uncle Max']",,,,,
The Lion King II: Simba's Pride,"['Michelle Horn; Neve Campbell', ""Ryan O'Donohue; Jason Marsden"", 'Andy Dick', 'Lacey Chabert; Jennifer Lien', 'Suzanne Pleshette']","['Kiara', 'Kovu', 'Nuka', 'Vitani', 'Zira']",,,,,
The Little Mermaid,"['Sherry Lynn', 'Kimmy Robertson', 'Tara Strong', 'Grey DeLisle; Mona Marshall', 'Jodi Benson', 'Kimmy Robertson', 'Kari Wahlgren', 'Edie McClurg', 'Rene Auberjonois', 'Paddi Edwards', 'Jason Marin', 'Ben Wright', 'Will Ryan', 'Kenneth Mars', 'Frank Welker', 'Christopher Daniel Barnes', 'Buddy Hackett', 'Samuel E. Wright', 'Pat Carroll', 'Pat Carroll; Jodi Benson']","['Adella', 'Alana', 'Andrina', 'Aquata', 'Ariel', 'Arista', 'Attina', 'Carlotta the Maid', 'Chef Louis', 'Flotsam and Jetsam', 'Flounder', 'Grimsby', 'Harold the Seahorse', 'King Triton', 'Max the Sheepdog', 'Prince Eric', 'Scuttle', 'Sebastian', 'Ursula', 'Vanessa (The Little Mermaid)']",15-Nov-89,Adventure,G,"$223,726,012 ",Ron Clements
The Little Mermaid II: Return to the Sea,"['None', 'Stephen Furst', 'Tara Strong', 'Pat Carroll', 'Max Casella']","['Cloak and Dagger', 'Dash', 'Melody', 'Morgana', 'Tip']",,,,,
The Little Mermaid: Ariel's Beginning,['Lorelei Hill Butters'],['Queen Athena'],,,,,
The Pirate Fairy,['Christina Hendricks'],['Zarina'],,,,,
The Plow Boy,['Walt Disney; Bill Farmer'],['Horace Horsecollar'],,,,,
The Porker's Court,['Andrew Lawrence'],['Lil Bad Wolf'],,,,,
The Princess and the Frog,"['Michael Colyar', 'Jennifer Cody', 'Randy Newman', 'Keith David', 'John Goodman', 'Oprah Winfrey', 'None', 'Corey Burton', 'Jerry Kernion', 'Kevin Michael Richardson', 'Peter Bartlett', 'Michael-Leon Wooley', 'Jenifer Lewis', 'Emeril Lagasse', 'Bruno Campos', 'Jim Cummings', 'Anika Noni Rose', 'Paul Briggs']","['Buford the Cook', 'Charlotte La Bouff', 'Cousin Randy', 'Dr. Facilier', 'Eli ""Big Daddy"" La Bouff', 'Eudora', 'Evangaline', 'Harvey Fenner', 'Henry Fenner', 'Ian the Alligator', 'Lawrence the Valet', 'Louis the Alligator', 'Mama Odie', 'Marlon the Alligator', 'Prince Naveen', 'Ray the Firefly', 'Tiana', 'Two Fingers']",25-Nov-09,Adventure,G,"$116,316,457 ",Ron Clements
The Reluctant Dragon,"['Claud Allister', 'Barnett Parker']","['Sir Giles', 'Tobias the Reluctant Dragon']",,,,,
The Rescuers,"['Bob Newheart', 'Candy Candido', 'Bernard Fox', 'Dub Taylor', 'Jeanette Nolan', 'Jimmy MacDonald', 'Larry Clemmons', 'Pat Buttram', 'Geraldine Page', 'Eva Gabor', 'Joe Flynn', 'Jim Jordan', 'Michelle Stacy', 'John McIntire']","['Bernard', 'Brutus and Nero', 'Chair Mouse', 'Digger the Mole', 'Ellie Mae', 'Evinrude', 'Gramps', 'Luke', 'Madame Medusa', 'Miss Bianca', 'Mr. Snoops', 'Orville', 'Penny', 'Rufus']",22-Jun-77,Adventure,,"$159,743,914 ",Wolfgang Reitherman
The Rescuers Down Under,"['Adam Ryen', 'Bernard Fox', 'Carla Meyer', 'Ed Gilbert', 'Wayne Robson', 'Tristan Rogers', 'Douglas Seale', 'Frank Welker', 'Russi Taylor', 'George C. Scott', 'Peter Firth', 'John Candy']","['Cody', 'Doctor Mouse', 'Faloo', 'Francois', 'Frank', 'Jake', 'Krebbs', 'Marahute', 'Nurse Mouse', 'Percival C. McLeach', 'Red', 'Wilbur']",16-Nov-90,Adventure,G,"$55,796,728 ",Mike Gabriel
The Return of Jafar,['Jason Alexander'],['Abis Mal'],,,,,
The Sleepwalker,['None'],['Dinah the Dachshund'],,,,,
The Sword in the Stone,"['Junius Matthews', 'Rickie Sorensen', 'Richard Reitherman', 'Robert Reitherman', 'Thurl Ravenscroft', 'Martha Wentworth', 'Karl Swenson', 'Sebastian Cabot', 'Norman Alden', 'Alan Napier']","['Archimedes', 'Arthur/Wart', 'Arthur/Wart', 'Arthur/Wart', 'Black Bart', 'Madam Mim', 'Merlin', 'Sir Ector', 'Sir Kay', 'Sir Pellinore']",25-Dec-63,Adventure,,"$153,870,834 ",Wolfgang Reitherman
The Three Caballeros,"['Pinto Colvig', 'Joaquin Garay; Carlos Alazraqui']","['Aracuan Bird', 'Panchito Pistoles']",,,,,Norman Ferguson
The Tortoise and the Hare,"['Ned Norton', 'Eddie Holden']","['Max Hare', 'Toby Tortoise']",,,,,
The Weekenders,['Jason Marsden'],['Tino Tonitini'],,,,,
The Wise Little Hen,"['Clarence Nash; Tony Anselmo', 'Pinto Colvig']","['Donald Duck', 'Peter Pig']",,,,,
"This is Your Life, Donald Duck",['June Foray'],['Grandma Duck'],,,,,
Three Little Pigs,"['Billy Bletcher', 'Mary Moder', 'Dorothy Compton', 'Pinto Colvig']","['Big Bad Wolf', 'Fiddler Pig', 'Fifer Pig', 'Practical Pig']",,,,,
Timon and Pumbaa,"['Brad Garrett', 'Rob Paulsen; Jim Cummings', 'S. Scott Bullock', 'Jeff Bennett', 'Corey Burton', 'Jim Cummings', 'Corey Burton', 'Townsend Coleman; Brian Cummings']","['Boss Beaver', 'Cheetata and Cheetato', 'Fred', 'Natives', 'Quint', 'Smolder the Bear', 'Speedy the Snail', 'Vulture Police']",,,,,
Tinker Bell and the Great Fairy Rescue,['Lauren Mote'],['Lizzy Griffths'],,,,,
Tinker Bell and the Lost Treasure,['None'],['Blaze'],,,,,
Treasure Planet,"['Martin Short', 'Patrick McGoohan', 'Emma Thompson', 'David Hyde Pierce', 'Micheal McShane', 'Joseph Gordon-Levitt', 'Brian Murray', 'Dane A. Davis', 'Roscoe Lee Browne', 'Corey Burton', 'Laurie Metcalf', 'Michael Wincott']","['B.E.N.', 'Billy Bones', 'Captain Amelia', 'Dr. Doppler', 'Hands', 'Jim Hawkins', 'John Silver', 'Morph', 'Mr. Arrow', 'Onus', 'Sarah Hawkins', 'Scroop']",27-Nov-02,Adventure,PG,"$55,189,145 ",Ron Clements
Trolley Troubles,['Frank Welker'],['Oswald the Lucky Rabbit'],,,,,
Who Framed Roger Rabbit,"['April Winchell', 'Lou Hirsch', 'Charles Fleischer', 'Charles Fleischer', 'Kathleen Turner', 'Christopher Lloyd', 'Charles Fleischer', 'Charles Fleischer', 'David Lander', 'Fred Newman', 'June Foray']","['Baby Herman', 'Baby Herman', 'Benny the Cab', 'Greasy the Weasel', 'Jessica Rabbit', 'Judge Doom', 'Psycho the Weasel', 'Roger Rabbit', 'Smarty the Weasel', 'Stupid the Weasel', 'Wheezy the Weasel']",,,,,
Winnie the Pooh and the Blustery Day,"['John Fiedler', 'Paul Winchell']","['Piglet', 'Tigger']",,,,,
Winnie the Pooh and the Honey Tree,"['Bruce Reitherman', 'Ralph Wright', 'Howard Morris; Michael Gough', 'Barbara Luddy', 'Hal Smith', 'Junius Matthews', 'Clint Howard', 'Dori Whittaker', 'Sterling Holloway']","['Christopher Robin', 'Eeyore', 'Gopher', 'Kanga', 'Owl', 'Rabbit', 'Roo', 'Roo', 'Winnie the Pooh']",,,,,
Wreck-It Ralph,"['None', 'Katie Lowes', 'Cymbre Walk', 'Horatio Sanz', 'Jack McBrayer', 'Dennis Haysbert', 'None', 'Josie Trinidad', 'Alan Tudyk', ""Ed O'Neill"", 'Joe Lo Truglio', 'None', 'Jamie Elman', 'Jane Lynch', 'None', 'Rich Moore', 'None', 'Mindy Kaling', 'Sarah Silverman', 'John C. Reilly', 'Adam Carolla']","['Adorabeezle Winterpop', 'Candlehead', 'Crumbelina DiCaramello', 'Duncan', 'Fix-It Felix Jr.', 'General Hologram', 'Gloyd Orangeboar', 'Jubileena Bing-Bing', 'King Candy/Turbo', 'Mr. Litwak', 'Markowski', 'Minty Zaki', 'Rancis Fluggerbutter', 'Sergeant Calhoun', 'Snowanna Rainbeau', 'Sour Bill', 'Swizzle ""The Swizz"" Malarkey', 'Taffyta Muttonfudge', 'Vanellope von Schweetz', 'Wreck-It Ralph', 'Wynchel']",2-Nov-12,Adventure,PG,"$200,354,959 ",Rich Moore
Zootopia,"['Jenny Slate', 'Nate Torrence', 'Bonnie Hunt', 'Byron Howard', 'Idris Elba', 'Rich Moore', 'Alan Tudyk', 'None', 'Tommy ""Tiny"" Lister Jr.', 'Raymond S. Persi', 'Shakira', 'John DiMaggio', 'John DiMaggio', 'Ginnifer Goodwin', 'J.K. Simmons', 'Maurice LaMarche', 'Octavia Spencer', 'Jason Bateman', 'Jared Bush', 'Don Lake', 'John DiMaggio', 'Tommy Chong']","['Assistant Mayor Dawn Bellwether', 'Benjamin Clawhauser', 'Bonnie Hopps', 'Bucky Oryx-Antlerson', 'Chief Bogo', 'Doug Ramses', 'Duke Weaselton', 'Emmitt Otterton', 'Finnick', 'Flash Slothmore', 'Gazelle', 'Jerry Jumbeaux Jr.', 'Jesse the Ram', 'Judy Hopps', 'Mayor Lionheart', 'Mr. Big', 'Mrs. Otterton', 'Nicholas ""Nick"" P. Wilde', 'Pronk Oryx-Antlerson', 'Stu Hopps', 'Woolter the Ram', 'Yax']",4-Mar-16,Adventure,PG,"$341,268,248 ",Byron Howard
Recess: School's Out,,,16-Feb-01,Comedy,G,"$54,656,124 ",
D2: The Mighty Ducks,,,25-Mar-94,Comedy,PG,"$94,226,333 ",
Young Black Stallion,,,25-Dec-03,Adventure,G,"$9,254,344 ",
What's Love Got to Do With It,,,9-Jun-93,Drama,R,"$79,618,610 ",
Corky Romano,,,12-Oct-01,Comedy,PG-13,"$35,705,805 ",
The Waterboy,,,6-Nov-98,Comedy,PG-13,"$288,691,833 ",
Captain America: The Winter Soldier,,,4-Apr-14,Action,PG-13,"$268,013,076 ",
Pirates of the Caribbean: Dead Man’…,,,7-Jul-06,Adventure,PG-13,"$544,817,142 ",
Ladder 49,,,1-Oct-04,Action,PG-13,"$101,161,045 ",
Coyote Ugly,,,4-Aug-00,Drama,PG-13,"$95,070,168 ",
The Sixth Man,,,28-Mar-97,Comedy,PG-13,"$27,117,599 ",
Dick Tracy,,,15-Jun-90,Action,PG,"$207,231,621 ",
Sister Act 2 Back in the Habit,,,10-Dec-93,Comedy,PG,"$116,965,668 ",
DuckTales: The Movie - Treasure of th…,,,3-Aug-90,Adventure,G,"$36,107,823 ",
Blame it on the Bellboy,,,6-Mar-92,Comedy,PG-13,"$5,872,667 ",
Ernest Goes to Jail,,,6-Apr-90,Comedy,PG,"$49,999,822 ",
Ant-Man,,,17-Jul-15,Action,PG-13,"$180,202,163 ",
The Shaggy Dog,,,10-Mar-06,Comedy,PG,"$78,667,428 ",
The Life Aquatic with Steve Zissou,,,10-Dec-04,Comedy,R,"$32,198,655 ",
Bridge to Terabithia,,,16-Feb-07,Drama,PG,"$100,760,721 ",
Miami Rhapsody,,,27-Jan-95,Romantic Comedy,PG-13,"$9,857,435 ",
A Bug's Life,,,20-Nov-98,Adventure,G,"$288,981,698 ",
3 Men and a Little Lady,,,21-Nov-90,Comedy,PG,"$143,108,869 ",
The Puppet Masters,,,21-Oct-94,Horror,R,"$17,727,017 ",
Signs,,,2-Aug-02,Thriller/Suspense,PG-13,"$330,754,439 ",
Dead Presidents,,,4-Oct-95,Drama,R,"$46,741,467 ",
"McFarland, USA",,,20-Feb-15,Drama,PG,"$44,480,275 ",
George Of The Jungle,,,16-Jul-97,Comedy,PG,"$193,326,632 ",
Bound by Honor,,,16-Apr-93,,R,"$9,156,084 ",
The Avengers,,,4-May-12,Action,PG-13,"$660,081,224 ",
Ten Things I Hate About You,,,31-Mar-99,Romantic Comedy,PG-13,"$63,354,375 ",
Earth,,,22-Apr-09,Documentary,G,"$35,981,010 ",
Hello Again,,,6-Nov-87,Comedy,,"$44,024,529 ",
When a Man Loves a Woman,,,29-Apr-94,Drama,R,"$103,354,194 ",
Unbreakable,,,22-Nov-00,Thriller/Suspense,PG-13,"$148,208,901 ",
3 Men and a Baby,,,25-Nov-87,Comedy,PG,"$353,334,607 ",
X Games 3D: The Movie,,,21-Aug-09,Documentary,PG,"$1,563,976 ",
Cars 2,,,24-Jun-11,Adventure,G,"$203,522,177 ",
The Princess Diaries 2: Royal Engagement,,,11-Aug-04,Romantic Comedy,G,"$129,164,207 ",
The Jungle Book 2,,,14-Feb-03,Adventure,G,"$66,966,883 ",
Aspen Extreme,,,22-Jan-93,Romantic Comedy,PG-13,"$15,970,955 ",
Noises Off...,,,20-Mar-92,Comedy,PG-13,"$4,631,720 ",
He Got Game,,,1-May-98,Drama,R,"$38,766,948 ",
Bringing Down the House,,,7-Mar-03,Comedy,PG-13,"$185,481,530 ",
Bon Voyage!,,,17-May-62,Comedy,Not Rated,"$109,581,646 ",
Doctor Strange,,,4-Nov-16,Adventure,PG-13,"$232,532,923 ",
Flubber,,,26-Nov-97,Comedy,PG,"$170,406,423 ",
Roving Mars,,,27-Jan-06,Documentary,G,"$12,948,025 ",
Captain Ron,,,18-Sep-92,Comedy,PG-13,"$45,741,576 ",
Shadow Conspiracy,,,31-Jan-97,Thriller/Suspense,R,"$3,957,025 ",
Good Morning Vietnam,,,23-Dec-87,Comedy,R,"$254,414,837 ",
Babes in Toyland,,,14-Dec-61,Musical,G,"$124,841,160 ",
An Innocent Man,,,6-Oct-89,Drama,R,"$40,983,414 ",
Summer of Sam,,,2-Jul-99,Drama,R,"$32,007,656 ",
The Good Dinosaur,,,25-Nov-15,Adventure,PG,"$123,087,120 ",
Angels in the Outfield,,,15-Jul-94,Comedy,PG,"$103,798,152 ",
Tough Guys,,,3-Oct-86,Comedy,,"$48,758,184 ",
Something Wicked This Way Comes,,,29-Apr-83,Horror,,"$15,136,765 ",
The Rocketeer,,,21-Jun-91,Action,PG,"$93,256,673 ",
Stakeout,,,5-Aug-87,Comedy,R,"$141,592,160 ",
National Treasure 2: Book of Secrets,,,21-Dec-07,Adventure,PG,"$267,003,525 ",
Terminal Velocity,,,23-Sep-94,Action,PG-13,"$34,048,315 ",
Apocalypto,,,8-Dec-06,Adventure,R,"$64,959,548 ",
Invincible,,,25-Aug-06,Drama,PG,"$74,398,864 ",
25th Hour,,,19-Dec-02,Drama,R,"$18,325,463 ",
Mighty Joe Young,,,25-Dec-98,Adventure,PG,"$87,906,042 ",
Deceived,,,27-Sep-91,Thriller/Suspense,PG-13,"$57,544,453 ",
Never Cry Wolf,,,7-Oct-83,Drama,,"$70,669,955 ",
G-Force,,,24-Jul-09,Adventure,PG,"$134,246,932 ",
Feast of July,,,13-Oct-95,Drama,R,"$568,342 ",
The Lookout,,,30-Mar-07,Drama,R,"$5,637,048 ",
Cool Runnings,,,1-Oct-93,Comedy,PG,"$140,392,731 ",
Alice Through the Looking Glass,,,27-May-16,Adventure,PG,"$77,042,381 ",
The Devil and Max Devlin,,,1-Jan-81,,,"$48,517,980 ",
The Chronicles of Narnia: Prince Caspian,,,16-May-08,Adventure,PG,"$166,277,038 ",
The Insider,,,5-Nov-99,Drama,R,"$47,794,214 ",
Camp Nowhere,,,26-Aug-94,Comedy,PG,"$21,576,332 ",
The Rock,,,7-Jun-96,Action,R,"$255,702,705 ",
Green Card,,,25-Dec-90,Romantic Comedy,PG-13,"$59,679,131 ",
Real Steel,,,7-Oct-11,Action,PG-13,"$90,848,019 ",
A Kid in King Arthur's Court,,,11-Aug-95,Adventure,PG,"$25,981,285 ",
The Last Flight of Noah’s Ark,,,25-Jun-80,,,"$34,472,116 ",
African Cats,,,22-Apr-11,Documentary,G,"$16,401,551 ",
Toy Story 3D Double Feature,,,2-Oct-09,Adventure,G,"$34,509,545 ",
Into the Woods,,,25-Dec-14,Musical,PG,"$130,894,237 ",
Finding Nemo,,,30-May-03,Adventure,G,"$518,148,559 ",
The Good Mother,,,4-Nov-88,Drama,,"$9,772,655 ",
The Hundred-Foot Journey,,,8-Aug-14,Romantic Comedy,PG,"$55,961,409 ",
Pearl Harbor,,,25-May-01,Action,PG-13,"$295,705,112 ",
Pirates of the Caribbean: At World’…,,,24-May-07,Adventure,PG-13,"$379,129,960 ",
Color of Night,,,19-Aug-94,Thriller/Suspense,R,"$40,804,816 ",
Romy and Michele's High School Reunion,,,25-Apr-97,Comedy,R,"$53,693,680 ",
Cheetah,,,18-Aug-89,Adventure,,"$16,653,473 ",
Jack,,,9-Aug-96,Drama,PG-13,"$111,792,852 ",
Monsters University,,,21-Jun-13,Adventure,G,"$278,395,641 ",
The Fifth Estate,,,18-Oct-13,Drama,R,"$3,374,251 ",
Before and After,,,23-Feb-96,Drama,PG-13,"$16,482,589 ",
Moonlight Mile,,,27-Sep-02,Drama,PG-13,"$9,909,094 ",
A Stranger Among Us,,,17-Jul-92,Drama,PG-13,"$24,950,752 ",
The Lizzie McGuire Movie,,,2-May-03,Comedy,PG,"$59,743,191 ",
Krippendorf's Tribe,,,27-Feb-98,Comedy,PG-13,"$13,608,633 ",
crazy/beautiful,,,29-Jun-01,Drama,PG-13,"$25,214,223 ",
Adventures in Babysitting,,,3-Jul-87,Comedy,,"$72,853,569 ",
The Game Plan,,,22-Sep-07,Comedy,PG,"$111,010,758 ",
Splash,,,9-Mar-84,Comedy,PG,"$157,057,661 ",
Who Framed Roger Rabbit?,,,22-Jun-88,Comedy,PG,"$316,250,084 ",
The Light Between Oceans,,,2-Sep-16,Drama,PG-13,"$12,545,979 ",
The Guardian,,,29-Sep-06,Action,PG-13,"$70,801,353 ",
Mr. Holland's Opus,,,29-Dec-95,Drama,PG,"$157,508,868 ",
The Preacher's Wife,,,13-Dec-96,Drama,PG,"$91,076,877 ",
Sarafina!,,,18-Sep-92,Drama,PG-13,"$14,841,352 ",
Trenchcoat,,,11-Mar-83,Comedy,,"$11,519,089 ",
Confessions of a Teenage Drama Queen,,,20-Feb-04,Comedy,PG,"$39,816,568 ",
Around the World in 80 Days,,,16-Jun-04,Adventure,PG,"$32,585,356 ",
Blaze,,,13-Dec-89,Drama,R,"$39,884,640 ",
Toy Story,,,22-Nov-95,Adventure,G,"$370,409,631 ",
Prince of Persia: Sands of Time,,,28-May-10,Action,PG-13,"$96,971,361 ",
Eddie,,,31-May-96,Comedy,PG-13,"$59,828,966 ",
White Fang 2: Myth of the White Wolf,,,15-Apr-94,Adventure,PG,"$18,083,994 ",
White Squall,,,2-Feb-96,Adventure,PG-13,"$19,509,726 ",
The Invisible,,,27-Apr-07,Thriller/Suspense,PG-13,"$25,202,168 ",
Guilty as Sin,,,4-Jun-93,Thriller/Suspense,R,"$46,064,723 ",
Operation Dumbo Drop,,,28-Jul-95,Adventure,PG,"$47,809,421 ",
Ghosts of the Abyss,,,11-Apr-03,Documentary,G,"$23,803,108 ",
Scenes from a Mall,,,22-Feb-91,Comedy,,"$19,149,495 ",
The BFG,,,1-Jul-16,Adventure,PG,"$55,483,770 ",
Tron,,,9-Jul-82,Action,,"$77,184,895 ",
Firelight,,,4-Sep-98,Drama,R,"$1,409,943 ",
Delivery Man,,,22-Nov-13,Comedy,PG-13,"$31,787,136 ",
New York Stories,,,1-Mar-89,Drama,PG,"$22,740,861 ",
Disorganized Crime,,,14-Apr-89,Comedy,,"$15,233,465 ",
Tom and Huck,,,22-Dec-95,Adventure,PG,"$45,911,517 ",
Keeping the Faith,,,14-Apr-00,Romantic Comedy,PG-13,"$57,925,202 ",
Grosse Pointe Blank,,,11-Apr-97,Black Comedy,R,"$51,579,764 ",
Indian Summer,,,23-Apr-93,Comedy,R,"$29,968,953 ",
Billy Bathgate,,,1-Nov-91,Drama,R,"$31,167,691 ",
3 Ninjas Kick Back,,,6-May-94,Action,PG,"$24,267,154 ",
My Boyfriend's Back,,,6-Aug-93,,PG-13,"$6,554,384 ",
Goal! The Dream Begins,,,12-May-06,Drama,PG,"$5,512,647 ",
Country,,,29-Sep-84,Drama,,"$21,075,000 ",
Big Trouble,,,5-Apr-02,Comedy,PG-13,"$10,537,188 ",
People Like Us,,,29-Jun-12,Drama,PG-13,"$13,165,822 ",
Mars Needs Moms,,,11-Mar-11,Adventure,PG,"$22,741,603 ",
Angie,,,4-Mar-94,Comedy,R,"$19,116,981 ",
Deuce Bigalow: Male Gigolo,,,10-Dec-99,Comedy,R,"$106,921,374 ",
Veronica Guerin,,,17-Oct-03,Drama,R,"$2,194,759 ",
Max Keeble's Big Move,,,5-Oct-01,Comedy,PG,"$25,749,730 ",
The Scarlet Letter,,,13-Oct-95,Drama,R,"$20,075,033 ",
D3: The Mighty Ducks,,,4-Oct-96,Comedy,PG,"$43,713,554 ",
Up,,,29-May-09,Adventure,PG,"$329,336,681 ",
Alive,,,15-Jan-93,Adventure,R,"$73,914,543 ",
Can't Buy Me Love,,,14-Aug-87,Romantic Comedy,,"$68,181,300 ",
The Hoax,,,6-Apr-07,Drama,R,"$8,779,196 ",
Crimson Tide,,,12-May-95,Action,R,"$177,102,077 ",
Ransom,,,8-Nov-96,Action,R,"$259,807,820 ",
Pretty Woman,,,23-Mar-90,Romantic Comedy,R,"$356,389,765 ",
Inspector Gadget,,,23-Jul-99,Comedy,PG,"$161,610,341 ",
Winnie the Pooh,,,15-Jul-11,Adventure,G,"$28,375,869 ",Stephen J. Anderson
The Tigger Movie,,,11-Feb-00,Adventure,G,"$71,228,678 ",
Heavy Weights,,,17-Feb-95,Comedy,PG,"$34,245,779 ",
What About Bob?,,,17-May-91,Comedy,PG,"$127,571,325 ",
Condorman,,,7-Aug-81,Action,,$0,
The Haunted Mansion,,,26-Nov-03,Comedy,PG,"$105,775,678 ",
The Hitchhiker's Guide to the Galaxy,,,29-Apr-05,Comedy,PG,"$67,096,891 ",
Open Range,,,15-Aug-03,Western,R,"$81,547,672 ",
D.O.A.,,,18-Mar-88,Thriller/Suspense,,"$26,062,188 ",
Meet the Deedles,,,27-Mar-98,Comedy,PG,"$7,829,877 ",
A Beautiful Planet,,,29-Apr-16,Documentary,G,"$7,895,708 ",
Sister Act,,,29-May-92,Comedy,PG,"$283,583,472 ",
Strange Magic,,,23-Jan-15,Adventure,PG,"$12,429,583 ",
The Many Adventures of Winnie the Pooh,,,11-Mar-77,,,$0,Wolfgang Reitherman
Quiz Show,,,14-Sep-94,Drama,PG-13,"$50,840,394 ",
While You Were Sleeping,,,21-Apr-95,Romantic Comedy,PG,"$157,082,900 ",
Bedtime Stories,,,25-Dec-08,Comedy,PG,"$128,039,679 ",
"The Chronicles of Narnia: The Lion, t…",,,9-Dec-05,Adventure,PG,"$381,557,539 ",
Instinct,,,4-Jun-99,Drama,R,"$56,595,842 ",
Step Up,,,11-Aug-06,Drama,PG-13,"$84,078,780 ",
G.I. Jane,,,22-Aug-97,Drama,R,"$88,467,531 ",
Oscar,,,26-Apr-91,Comedy,PG,"$47,181,395 ",
The Parent Trap,,,29-Jul-98,Comedy,PG,"$119,185,667 ",
Primeval,,,12-Jan-07,Adventure,R,"$12,985,302 ",
The Lone Ranger,,,2-Jul-13,Western,PG-13,"$92,597,388 ",
"Monsters, Inc.",,,2-Nov-01,Adventure,G,"$416,073,179 ",
Reign of Fire,,,19-Feb-02,Action,PG-13,"$62,480,631 ",
Running Brave,,,4-Nov-83,Drama,,"$3,223,725 ",
Rushmore,,,11-Dec-98,Black Comedy,R,"$28,392,518 ",
Freaky Friday,,,21-Jan-77,Comedy,,"$98,067,733 ",
The 13th Warrior,,,27-Aug-99,Action,R,"$54,262,148 ",
Brave,,,22-Jun-12,Adventure,PG,"$251,292,441 ",
Eight Below,,,17-Feb-06,Adventure,PG,"$105,037,235 ",
Gake no ue no Ponyo,,,14-Aug-09,Adventure,G,"$16,961,607 ",
Queen of Katwe,,,23-Sep-16,Drama,PG,"$8,874,389 ",
Straight Talk,,,3-Apr-92,Comedy,PG,"$43,068,356 ",
Holy Man,,,9-Oct-98,Comedy,PG,"$21,694,605 ",
The Sorcerer's Apprentice,,,14-Jul-10,Adventure,PG,"$67,473,105 ",
Stella,,,2-Feb-90,Drama,PG-13,"$40,077,147 ",
An American Werewolf in Paris,,,25-Dec-97,Horror,R,"$48,546,161 ",
The Mighty Ducks,,,2-Oct-92,Comedy,PG,"$103,120,810 ",
Tall Tale,,,24-Mar-95,Western,PG,"$15,983,331 ",
Ed Wood,,,30-Sep-94,Comedy,R,"$12,042,634 ",
The Jerky Boys,,,3-Feb-95,Comedy,R,"$14,641,561 ",
The Rich Man's Wife,,,13-Sep-96,Thriller/Suspense,R,"$16,284,619 ",
"20,000 Leagues Under the Sea",,,23-Dec-54,Adventure,,"$528,279,994 ",
Super Mario Bros.,,,28-May-93,Action,PG,"$42,445,058 ",
The Proposal,,,19-Jun-09,Romantic Comedy,PG-13,"$184,288,829 ",
Race to Witch Mountain,,,13-Mar-09,Adventure,PG,"$75,501,997 ",
The Adventures of Huck Finn,,,2-Apr-93,Adventure,PG,"$49,080,505 ",
Jefferson in Paris,,,31-Mar-95,Drama,PG-13,"$4,770,461 ",
The Jungle Book,,,15-Apr-16,Adventure,PG,"$364,001,123 ",
The Jungle Book,,,18-Oct-67,Musical,Not Rated,"$789,612,346 ",
Sky High,,,29-Jul-05,Adventure,PG,"$84,088,854 ",
Toy Story 2,,,19-Nov-99,Adventure,G,"$404,450,426 ",
Remember the Titans,,,29-Sep-00,Drama,PG,"$180,742,479 ",
A Lot Like Love,,,22-Apr-05,Comedy,PG-13,"$28,716,947 ",
3 Ninjas,,,7-Aug-92,Action,PG,"$58,965,304 ",
Flight of the Navigator,,,30-Jul-86,Adventure,,"$42,183,197 ",
America's Heart and Soul,,,2-Jul-04,Documentary,Not Rated,"$426,246 ",
Swing Vote,,,1-Aug-08,Comedy,PG-13,"$19,125,841 ",
The Straight Story,,,15-Oct-99,Drama,G,"$10,111,144 ",
The Kid,,,7-Jul-00,Comedy,PG,"$108,993,148 ",
I'll Be Home For Christmas,,,13-Nov-98,Comedy,PG,"$21,941,840 ",
The War at Home,,,20-Nov-96,,R,"$65,543 ",
Peter Pan: Return to Neverland,,,15-Feb-02,Adventure,G,"$70,269,715 ",
Ratatouille,,,29-Jun-07,Comedy,G,"$252,955,933 ",
Secretariat,,,8-Oct-10,Drama,PG,"$63,781,920 ",
Medicine Man,,,7-Feb-92,Drama,PG-13,"$91,304,495 ",
A Thousand Acres,,,19-Sep-97,Drama,R,"$14,561,324 ",
Mission to Mars,,,10-Mar-00,Adventure,PG,"$95,208,344 ",
Toy Story 3,,,18-Jun-10,Adventure,G,"$443,408,255 ",
Miracle,,,6-Feb-04,Drama,PG,"$87,392,478 ",
My Favorite Martian,,,12-Feb-99,Comedy,PG,"$61,150,849 ",
Benji the Hunted,,,5-Jun-87,Adventure,,"$32,798,382 ",
A Far Off Place,,,12-Mar-93,Adventure,PG,"$26,248,558 ",
Old Dogs,,,25-Nov-09,Comedy,PG,"$55,503,929 ",
Stick It,,,28-Apr-06,Comedy,PG-13,"$34,634,731 ",
Funny Bones,,,31-Mar-95,Comedy,R,"$1,025,425 ",
Cars,,,9-Jun-06,Comedy,G,"$314,140,384 ",
Bicentennial Man,,,17-Dec-99,Drama,PG,"$94,838,225 ",
Chimpanzee,,,20-Apr-12,Documentary,G,"$30,675,725 ",
The Apple Dumpling Gang,,,1-Jul-75,Comedy,,"$131,246,872 ",
The Other Sister,,,26-Feb-99,Romantic Comedy,PG-13,"$46,145,331 ",
A Simple Twist of Fate,,,2-Sep-94,Drama,PG-13,"$7,035,189 ",
Where the Heart Is,,,23-Feb-90,Comedy,,"$2,210,321 ",
Kaze Tachinu,,,8-Nov-13,Drama,PG-13,"$5,367,415 ",
Off Beat,,,11-Apr-86,Comedy,,"$11,003,932 ",
The Greatest Game Ever Played,,,30-Sep-05,Drama,PG,"$20,162,672 ",
The Three Musketeers,,,12-Nov-93,Adventure,PG,"$109,310,377 ",
A Civil Action,,,25-Dec-98,Drama,PG-13,"$94,139,530 ",
Walt and El Grupo,,,10-Sep-09,Documentary,PG,"$23,064 ",
Powder,,,27-Oct-95,Drama,PG-13,"$59,727,216 ",
1492: Conquest of Paradise,,,9-Oct-92,Adventure,PG-13,"$14,421,454 ",
The Cemetery Club,,,3-Feb-93,Comedy,PG-13,"$11,369,541 ",
Stay Alive,,,24-Mar-06,Horror,PG-13,"$29,712,825 ",
That Darn Cat,,,14-Feb-97,Comedy,PG,"$33,613,158 ",
The Muppet Christmas Carol,,,11-Dec-92,Comedy,G,"$55,417,615 ",
Step Up 2 the Streets,,,14-Feb-08,Drama,PG-13,"$68,118,371 ",
Fantasia 2000 (Theatrical Release),,,16-Jun-00,Musical,G,"$14,238,144 ",
The Santa Clause 2,,,1-Nov-02,Comedy,G,"$201,959,095 ",
The Recruit,,,31-Jan-03,Thriller/Suspense,PG-13,"$73,793,522 ",
Money for Nothing,,,10-Sep-93,Comedy,R,"$2,127,496 ",
Bad Company,,,20-Jan-95,Thriller/Suspense,R,"$6,829,092 ",
Bad Company,,,7-Jun-02,Action,PG-13,"$43,756,218 ",
I Love Trouble,,,29-Jun-94,Romantic Comedy,PG,"$63,651,027 ",
The Absent Minded Professor,,,16-Mar-61,Comedy,,"$310,094,574 ",
Jungle 2 Jungle,,,7-Mar-97,Comedy,PG,"$110,058,379 ",
Tex,,,19-Nov-82,Drama,,"$20,643,199 ",
Life With Mikey,,,4-Jun-93,Comedy,PG,"$25,146,538 ",
Gone Fishin',,,30-May-97,Comedy,PG,"$36,265,379 ",
Rogue One: A Star Wars Story,,,16-Dec-16,Adventure,PG-13,"$529,483,936 ",
The Marrying Man,,,5-Apr-91,Romantic Comedy,R,"$24,939,118 ",
Bubble Boy,,,24-Aug-01,Comedy,PG-13,"$7,450,434 ",
Baby: Secret of the Lost Legend,,,22-Mar-85,Adventure,,"$33,900,697 ",
High Heels and Low Lifes,,,26-Oct-01,,R,"$337,782 ",
The Tie That Binds,,,8-Sep-95,Thriller/Suspense,R,"$11,167,895 ",
John Carter,,,9-Mar-12,Adventure,PG-13,"$77,372,445 ",
Blank Check,,,11-Feb-94,Comedy,PG,"$63,170,804 ",
Guardians of the Galaxy,,,1-Aug-14,Adventure,PG-13,"$343,771,168 ",
Star Wars Ep. VII: The Force Awakens,,,18-Dec-15,Adventure,PG-13,"$936,662,225 ",
Hocus Pocus,,,16-Jul-93,Comedy,PG,"$80,147,079 ",
Pete’s Dragon,,,12-Aug-16,Adventure,PG,"$76,233,151 ",
Night Crossing,,,5-Feb-82,Drama,,"$12,903,059 ",
Metro,,,17-Jan-97,Action,R,"$58,804,106 ",
National Treasure,,,19-Nov-04,Adventure,PG,"$234,069,353 ",
Shanghai Noon,,,26-May-00,Western,PG-13,"$89,042,541 ",
Dangerous Minds,,,11-Aug-95,Drama,R,"$164,552,293 ",
The Distinguished Gentleman,,,4-Dec-92,Comedy,R,"$94,349,900 ",
The Secret World of Arietty,,,17-Feb-12,Adventure,G,"$20,325,733 ",
The Princess Diaries,,,3-Aug-01,Comedy,G,"$161,218,928 ",
Step Up 3D,,,6-Aug-10,Drama,PG-13,"$45,302,137 ",
Underdog,,,3-Aug-07,Adventure,PG,"$53,619,462 ",
Red Rock West,,,28-Jan-94,,R,"$5,170,709 ",
Captain America: Civil War,,,6-May-16,Action,PG-13,"$408,084,349 ",
Mr. Wrong,,,16-Feb-96,Romantic Comedy,PG-13,"$24,422,334 ",
Nixon,,,20-Dec-95,Drama,R,"$26,302,005 ",
The Ref,,,9-Mar-94,Comedy,R,"$23,401,275 ",
The Santa Clause 3: The Escape Clause,,,3-Nov-06,Comedy,G,"$108,694,869 ",
Ice Princess,,,18-Mar-05,Comedy,G,"$32,064,685 ",
King Arthur,,,7-Jul-04,Adventure,PG-13,"$70,423,706 ",
Nothing To Lose,,,18-Jul-97,Comedy,R,"$81,692,095 ",
Herbie: Fully Loaded,,,22-Jun-05,Comedy,G,"$86,812,798 ",
Father of the Bride,,,20-Dec-91,Comedy,PG,"$179,821,881 ",
You Again,,,24-Sep-10,Comedy,PG,"$27,461,121 ",
Pirates of the Caribbean: On Stranger…,,,20-May-11,Adventure,PG-13,"$256,263,359 ",
Zokkomon,,,22-Apr-11,Adventure,PG,"$2,984 ",
Gross Anatomy,,,20-Oct-89,Drama,PG-13,"$23,972,012 ",
The Incredibles,,,5-Nov-04,Adventure,PG,"$354,488,708 ",
Frank McKlusky C.I.,,,1-Jan-02,,,$0,
Taking Care of Business,,,17-Aug-90,Comedy,R,"$39,963,460 ",
Tim Burton's The Nightmare Before Chr…,,,20-Oct-06,Musical,PG,"$30,737,517 ",
Cocktail,,,29-Jul-88,Drama,R,"$160,442,289 ",
Gun Shy,,,4-Feb-00,Comedy,R,"$2,562,155 ",
Mr. Destiny,,,12-Oct-90,Comedy,PG-13,"$30,722,056 ",
Herbie Goes to Monte Carlo,,,24-Jun-77,,,"$105,847,527 ",
Evita,,,25-Dec-96,Musical,PG,"$92,077,628 ",
Dark Water,,,8-Jul-05,Thriller/Suspense,PG-13,"$33,500,491 ",
Piglet's Big Movie,,,21-Mar-03,Comedy,G,"$32,298,812 ",
Kazaam,,,17-Jul-96,Comedy,PG,"$36,009,655 ",
Déjà Vu,,,22-Nov-06,Thriller/Suspense,PG-13,"$82,267,038 ",
Waking Sleeping Beauty,,,26-Mar-10,Documentary,PG,"$86,264 ",
The Count of Monte Cristo,,,25-Jan-02,Drama,PG-13,"$78,682,079 ",
The Program,,,24-Sep-93,Action,R,"$46,919,256 ",
When in Rome,,,29-Jan-10,Romantic Comedy,PG-13,"$34,917,330 ",
Born Yesterday,,,26-Mar-93,Romantic Comedy,PG,"$36,165,012 ",
The Alamo,,,9-Apr-04,Western,PG-13,"$30,416,359 ",
Mad Love,,,26-May-95,Drama,PG-13,"$29,934,306 ",
Armageddon,,,1-Jul-98,Adventure,PG-13,"$362,324,957 ",
Air Bud,,,1-Aug-97,Comedy,PG,"$45,266,588 ",
Fire Birds,,,24-May-90,Action,PG-13,"$29,485,923 ",
Oz the Great and Powerful,,,8-Mar-13,Adventure,PG,"$243,434,130 ",
Two Much,,,15-Mar-96,Romantic Comedy,PG-13,"$2,057,055 ",
102 Dalmatians,,,22-Nov-00,Comedy,G,"$104,055,039 ",
The Pacifier,,,4-Mar-05,Comedy,PG,"$148,619,029 ",
Prom,,,29-Apr-11,Comedy,PG,"$10,768,946 ",
Un indien dans la ville,,,22-Mar-96,Comedy,PG,"$1,963,937 ",
Annapolis,,,27-Jan-06,Drama,PG-13,"$22,044,113 ",
Planes: Fire and Rescue,,,18-Jul-14,Adventure,PG,"$61,040,349 ",
Tin Men,,,6-Mar-87,Comedy,,"$54,787,202 ",
Renaissance Man,,,3-Jun-94,Comedy,PG-13,"$49,945,474 ",
Playing God,,,17-Oct-97,Thriller/Suspense,R,"$7,652,965 ",
Phenomenon,,,5-Jul-96,Drama,PG,"$199,559,799 ",
Gnomeo and Juliet,,,11-Feb-11,Comedy,G,"$106,270,797 ",
The Color of Money,,,17-Oct-86,Drama,R,"$117,957,323 ",
Blackbeard's Ghost,,,8-Feb-68,Comedy,,"$138,612,686 ",
Ernest Scared Stupid,,,11-Oct-91,Comedy,PG,"$28,320,147 ",
Double Take,,,12-Jan-01,Action,PG-13,"$44,418,589 ",
Rocket Man,,,10-Oct-97,Comedy,PG,"$28,371,890 ",
The Black Hole,,,21-Dec-79,,,"$120,377,374 ",
Raising Helen,,,28-May-04,Comedy,PG-13,"$50,886,144 ",
A Gun in Betty Lou's Handbag,,,21-Aug-92,,PG-13,"$7,295,423 ",
The Air Up There,,,7-Jan-94,Comedy,PG,"$42,940,186 ",
Roommates,,,3-Mar-95,Comedy,PG,"$23,404,369 ",
Morning Light,,,17-Oct-08,Documentary,PG,"$322,979 ",
Valiant,,,19-Aug-05,Adventure,G,"$25,616,292 ",
Down and Out in Beverly Hills,,,31-Jan-86,Comedy,R,"$141,183,693 ",
The Royal Tenenbaums,,,14-Dec-01,Black Comedy,R,"$76,758,193 ",
James and the Giant Peach,,,12-Apr-96,Adventure,PG,"$55,159,783 ",
"Mystery, Alaska",,,1-Oct-99,Comedy,R,"$14,755,189 ",
Last Dance,,,3-May-96,Drama,R,"$11,171,714 ",
My Science Project,,,9-Aug-85,Comedy,,"$9,736,051 ",
Homeward Bound II: Lost in San Franc…,,,8-Mar-96,Adventure,G,"$62,384,706 ",
The Muppets,,,23-Nov-11,Comedy,PG,"$94,189,503 ",
Turner & Hooch,,,28-Jul-89,Comedy,PG,"$150,176,361 ",
Oceans,,,22-Apr-10,Documentary,G,"$20,751,600 ",
It's Pat,,,26-Aug-94,Comedy,,"$125,666 ",
The Finest Hours,,,29-Jan-16,Thriller/Suspense,PG,"$27,569,558 ",
Shoot to Kill,,,12-Feb-88,Action,,"$60,097,074 ",
Hannah Montana the Movie,,,10-Apr-09,Drama,G,"$89,443,640 ",
First Kid,,,30-Aug-96,Comedy,PG,"$50,465,108 ",
Consenting Adults,,,16-Oct-92,Drama,R,"$43,859,823 ",
Dan in Real Life,,,20-Oct-07,Romantic Comedy,PG-13,"$58,350,234 ",
Sorority Boys,,,22-Mar-02,Comedy,R,"$14,797,862 ",
Simon Birch,,,11-Sep-98,Drama,PG,"$32,809,442 ",
In the Army Now,,,12-Aug-94,Comedy,PG,"$59,673,787 ",
Iron Man 3,,,3-May-13,Action,PG-13,"$424,084,233 ",
One Magic Christmas,,,22-Nov-85,Drama,,"$31,415,432 ",
Beverly Hills Chihuahua,,,3-Oct-08,Comedy,PG,"$110,932,022 ",
WALL-E,,,27-Jun-08,Adventure,G,"$262,771,918 ",
Casanova,,,25-Dec-05,Drama,R,"$14,574,087 ",
Thor: The Dark World,,,8-Nov-13,Adventure,PG-13,"$213,962,184 ",
Monkey Kingdom,,,17-Apr-15,Documentary,G,"$16,432,322 ",
Ernest Saves Christmas,,,11-Nov-88,Comedy,PG,"$57,845,202 ",
Hannah Montana/Miley Cyrus: Best of B…,,,1-Feb-08,Concert/Performance,G,"$76,646,993 ",
Saving Mr. Banks,,,13-Dec-13,Drama,PG-13,"$86,249,969 ",
Calendar Girls,,,19-Dec-03,Comedy,PG-13,"$42,379,650 ",
Unstrung Heroes,,,15-Sep-95,Drama,PG,"$15,365,850 ",
Three Fugitives,,,27-Jan-89,Comedy,PG-13,"$85,757,817 ",
Tomorrowland,,,22-May-15,Adventure,PG,"$93,436,322 ",
The Village,,,30-Jul-04,Thriller/Suspense,PG-13,"$155,021,748 ",
"Alexander and the Terrible, Horrible,…",,,10-Oct-14,Comedy,PG,"$69,055,550 ",
Arachnophobia,,,18-Jul-90,Thriller/Suspense,PG-13,"$106,290,270 ",
Lincoln,,,9-Nov-12,Drama,PG-13,"$192,122,330 ",
The Horse Whisperer,,,15-May-98,Drama,PG-13,"$135,497,531 ",
Muppets Most Wanted,,,21-Mar-14,Comedy,PG,"$52,807,594 ",
Fantasia 2000 (IMAX),,,1-Jan-00,Musical,G,"$94,852,354 ",
Spaced Invaders,,,27-Apr-90,Comedy,PG,"$29,964,452 ",
Just Visiting,,,6-Apr-01,Comedy,PG-13,"$7,114,869 ",
Holes,,,18-Apr-03,Drama,PG,"$94,203,395 ",
The Last Shot,,,24-Sep-04,Comedy,R,"$629,502 ",
Dead Poets Society,,,2-Jun-89,Drama,PG,"$202,531,517 ",
Avengers: Age of Ultron,,,1-May-15,Action,PG-13,"$459,005,868 ",
Man of the House,,,3-Mar-95,Comedy,PG,"$77,573,459 ",
Bears,,,18-Apr-14,Documentary,G,"$18,346,024 ",
Passed Away,,,24-Apr-92,,PG-13,"$8,187,848 ",
ESPN's Ultimate X - The Movie,,,10-May-02,Documentary,PG,"$6,089,874 ",
Ernest Goes to Camp,,,22-May-87,Comedy,,"$50,686,462 ",
Teacher's Pet: The Movie,,,16-Jan-04,Comedy,PG,"$8,812,764 ",
Spy Hard,,,24-May-96,Comedy,PG-13,"$51,373,912 ",
Snow Dogs,,,18-Jan-02,Comedy,PG,"$117,745,317 ",
Frankenweenie,,,5-Oct-12,Comedy,PG,"$37,363,513 ",
Tuck Everlasting,,,11-Oct-02,Drama,PG,"$27,789,959 ",
Hauru no ugoku shiro,,,10-Jun-05,Adventure,PG,"$6,194,870 ",
Gedo Senki (Tales from Earthsea),,,13-Aug-10,Adventure,PG-13,"$51,988 ",
Return to Oz,,,21-Jun-85,Adventure,,"$25,215,934 ",
Disney's A Christmas Carol,,,6-Nov-09,Drama,PG,"$154,927,105 ",
Prefontaine,,,24-Jan-97,Drama,PG-13,"$1,085,093 ",
Beaches,,,21-Dec-88,Drama,PG-13,"$120,381,757 ",
101 Dalmatians,,,25-Jan-61,Comedy,G,"$1,362,870,985 ",
The Last Song,,,31-Mar-10,Drama,PG,"$67,258,772 ",
Father Hood,,,27-Aug-93,,PG-13,"$6,654,819 ",
Encino Man,,,22-May-92,Comedy,PG,"$81,369,058 ",
Sweet Home Alabama,,,27-Sep-02,Comedy,PG-13,"$184,521,151 ",
Play it to the Bone,,,24-Dec-99,Comedy,R,"$13,180,524 ",
The Odd Life of Timothy Green,,,15-Aug-12,Drama,PG,"$54,914,942 ",
Honey I Blew Up the Kid,,,17-Jul-92,Comedy,PG,"$119,162,518 ",
